Actual_EUI,Efficiency_Score
1.897474182,0.24249386545600565
1.010866818,0.48892654462429486
2.983999588,0.15084443959680147
1.104341203,0.19083947240835464
1.202254227,0.24154656276749314
1.758370577,0.5823973760943485
0.795263762,0.25554492322935
0.562072336,0.5443280419598968
1.642575558,0.33286150807920684
5.597375024,0.022689196933712703
1.610923596,0.7129456670407274
1.022329836,0.957601761711924
2.822669914,0.16572331128998377
5.061867267,0.07463706042160749
1.214083367,0.7036226395055896
5.08018727,0.04185994942505446
2.984406476,0.2582525867372792
3.96701117,0.10852034450495324
2.473935324,0.2868272440053393
1.567844926,0.28912765620147085
1.523809524,0.3429746974189868
2.680965147,0.1861201120933888
0.77052733,1.0
1.567114701,0.26886912537614666
1.823909799,0.43523860251517843
1.866207293,0.26027078293653105
2.38586536,0.28057956264987344
1.196612666,0.38971130496313366
0.557983818,0.9147413783828447
1.36480411,0.9616286409318143
1.552128397,0.23728420835039038
3.11302682,0.1627180013463733
1.319012625,0.7279388019044137
1.697854201,0.3681819959844729
2.244542955,0.3484250364990051
1.662356853,0.4305493039420831
5.042189751,0.04775776113412546
1.215449716,0.6565518944527196
2.693602694,0.34054535261751023
2.149740549,0.4242962287891652
1.44950044,0.569564475201372
1.511964239,0.6804576883015406
1.631389609,0.30982698515762314
1.979792463,0.38318822963575694
1.731940332,0.46801534238030706
7.367475292,0.006703092544993267
1.098961481,1.0
2.766798419,0.24980715505188023
1.924422673,0.6220489238100262
1.1653031,0.3494792888101535
1.588617212,0.3849165048561739
1.709514103,0.4538789950383939
2.085459467,0.26421304870661644
1.845457793,0.46629931942805236
7.153696076,0.010419618209616479
2.580645161,0.22330145977583588
4.666666667,0.06804288445088945
15.53980371,0.001
1.339743085,0.4451249371801888
2.650126868,0.24424852682924572
1.765816233,0.46423111906764236
1.52357736,0.36246709637045815
0.998183633,0.2704835840877664
1.194241818,0.5315697405396561
2.292719446,0.2615155671265846
3.337378641,0.10450411952187562
1.225547961,0.6385176654949257
2.443920747,0.1779940484435543
3.880190606,0.06691664589650398
1.36230502,0.9665531405392616
2.160916228,0.467409305700586
1.024690153,0.9066629278285911
4.207081921,0.10576236399991659
1.906742936,0.8743153565820856
1.642735459,0.510018290056456
0.689536287,0.5708541518718921
7.158590308,0.009427707249281771
1.365933616,0.32384801548056863
1.338688086,0.5023396746226603
2.072281167,0.5210963655370794
1.171875,0.46774557559719876
2.406838742,0.3700857401745881
2.010723861,0.7154357737040323
2.256564551,0.3307143318146869
2.096010818,0.43543317195461684
1.521041068,0.302711771929672
0.78976465,0.595633393448827
3.12,0.22268465725793588
1.28217773,0.6094497789361456
7.818052594,0.009222461594891792
1.924927815,0.5969354391418427
1.855717931,0.5561941080674254
3.824904377,0.1868300280658679
2.645290581,0.25315386764013414
1.798955728,0.4783265354215829
3.326016098,0.11893701361186751
1.356292016,0.6580028706776243
4.748338082,0.06007286775594995
2.050440845,0.5941222991481819
3.373175918,0.15276503201120634
1.312975954,0.5973362148483785
2.122404878,0.21333938600386948
11.38249941,0.001
2.103652706,0.4319988860126772
2.64713668,0.14855570727210915
2.335012904,0.21149621184282025
1.529051988,0.2776573339520603
1.423183662,0.4141568638193116
1.96321554,0.2317474258331243
1.874254558,0.30469990576842226
1.254812491,0.383201156436024
3.175970286,0.1253232810385875
2.271901127,0.602812205295979
1.183915085,0.6845920807231631
2.862129145,0.2539094678863871
2.11301618,0.40459553170821655
3.891050584,0.15616531475685735
0.966530432,0.3961978137864995
10.68999028,0.001
1.15886532,0.7499943712904049
1.530251903,0.4845245055907438
1.308342968,0.3592680235911645
1.530972757,0.34956274253056685
2.036553525,0.3625027653436275
1.056948379,0.2344352481845917
2.492401216,0.26865541886148864
1.411233418,0.3480684531326538
1.759394503,0.24246914754679427
2.881567573,0.19863818573530725
2.535825913,0.22342837132144283
1.005258274,0.5885065963530184
3.097116732,0.1998319428163564
1.213829829,0.5530866699584108
3.284935287,0.1773960086878668
1.793051924,0.3084742575548942
0.974082449,0.30678649889073456
1.006360196,0.7686318210689268
4.748982361,0.04963208327380484
1.190554931,0.949332370516649
1.701966717,0.6153687078830524
3.629070767,0.15578010573720602
1.260958328,0.9012894517525923
9.99344692,0.001
2.203775803,0.2513147917471682
1.958824705,0.22110476184423458
0.928748333,0.4107449414870231
2.027146131,0.3590964021649443
3.716270803,0.12415480067057097
2.195871761,0.5415246214220959
0.808176848,0.4939133140867103
1.945824159,0.38162550224964475
1.723819491,0.26373260311837793
0.932380234,0.3265176956866699
2.971045808,0.17919678663959465
2.347570916,0.32467066544619844
1.706808269,0.8039722598460864
0.714072204,0.34613594591068314
0.858074481,0.548380426335039
1.669121257,0.4147391854995861
0.642250446,0.2923552430592553
1.788375559,0.23942114926652971
1.550267421,0.37763834765901344
1.338228734,0.35949975046910915
1.17370892,0.7868819039794127
1.817692204,0.49183076830042066
1.945347883,0.2380244292484932
0.505211657,0.6485957335946837
0.965816978,0.4599903653181595
4.294079375,0.0902117994157307
1.253620369,0.5477333229889271
2.046035806,0.3366793634193576
2.056343821,0.34430835505494745
2.810622214,0.3017668206107676
2.406281662,0.2602605050020492
1.063928208,0.6722271335472492
2.646669607,0.31191855252163186
1.740896562,0.21353150837705054
2.590063574,0.2377054564615418
1.222493888,0.5365690261417246
1.524003048,0.5059078858209719
2.52000252,0.3546721429253873
4.08997955,0.10675358387800064
1.473087819,0.5116748566565236
3.361344538,0.21825921220512337
1.510859301,0.3980044828237401
1.282756093,1.0
2.804290072,0.16771454115944806
2.144443593,0.461128179778964
1.645386337,0.6156443625978231
3.174603175,0.28747138789013876
1.543301478,0.6247831702688359
3.603603604,0.11969492285884406
3.484880978,0.09371250322998882
1.623903865,0.7618161388897173
0.307660753,1.0
3.763230106,0.12230551093970884
1.347406243,0.6411627230004486
1.071338543,1.0
1.624353267,0.4510799771651448
0.621864765,0.5673035169178967
2.753905323,0.15663607052351236
3.804614629,0.1575467819233867
1.740961173,0.28576862605649916
2.067441363,0.2548525830773589
1.051362132,0.3651120561210477
3.770150806,0.1562431872425924
1.952710447,0.24613195710454483
1.292315451,0.3322705450293657
1.401520799,0.34300028138073907
1.086024578,0.3337038223037553
6.051121544,0.015160486938286371
1.670761671,1.0
2.037603038,0.24832265343870247
0.767907605,0.4990684413873065
1.527494908,0.6363334639805038
1.875331241,0.28590107508708357
1.991130419,0.28343927010229003
2.458210423,0.18912392024885166
0.898260212,0.7392923682993889
2.106593638,0.4649553342648229
1.841490191,0.5160545371279445
1.145446849,0.35116663318942376
1.512573265,1.0
2.63290572,0.2553445815372118
1.27252717,0.5099410967198497
1.529929241,0.6052460259662514
1.096629972,0.5488479072188424
3.383713061,0.24053648123409382
1.632335795,0.6826172290793231
1.12701069,0.47601279737767693
1.620402987,0.546134412858818
1.981505945,0.43336286238270394
3.451190308,0.1271345485029317
0.764402961,0.6487651205860417
4.239049123,0.05685374662627317
1.007725899,0.8236772520340843
1.208946202,0.6684310269487581
1.984689538,0.2543691441895757
1.919385797,0.5490920025098512
1.519448947,0.3857750782133902
2.184678124,0.37260524965519914
2.393399257,0.2582110718434144
1.574632133,0.37369620307459944
1.292680752,0.5045625276907919
1.032808896,0.5361656180091288
1.79910045,0.3545408172462633
2.32255667,0.20976493746181285
2.457328817,0.22054084999988632
1.725446891,0.47547737519658495
3.551088777,0.06629222899523393
1.775466853,0.2661860522524211
2.376103191,0.6608107462495444
2.146642517,0.40261218504615487
1.365638767,0.5074475434425584
2.14797136,0.5009569909791779
4.850022385,0.03892785874852132
1.392830863,0.3538220905107415
2.122627206,0.35047449133299197
1.791673986,0.2324456035637559
0.980392157,0.3362327672006133
1.190071404,0.3107472453818236
1.532497972,0.3467514054800509
1.260568793,0.3673535837896509
0.825792244,0.7385831938730656
1.468608493,0.30930551536962636
0.894071914,0.6340711118896177
1.845188671,0.3229417920681515
0.701003542,0.8732328917339238
2.595717067,0.22530014007672128
3.210594963,0.24589793136878832
3.036191402,0.33636785542122954
1.889168766,0.5075097707243381
4.431838327,0.1435860937085788
3.454894434,0.23733574857000203
0.55130688,0.32702103324717924
1.251510444,0.6515659900825521
0.742641102,1.0
1.709478609,0.2697121038786789
1.978398032,0.40609272592688456
1.78229292,0.36575544788713005
2.696836151,0.23025646714978468
2.248153303,0.2429754076116173
1.260052626,0.4098212068513775
1.218875152,0.5852490013932689
2.33463035,0.39678122653888126
1.542776999,0.9944811999688223
3.701067616,0.11813620097293032
1.525553013,0.7956871669707415
0.742201582,0.3408349092510683
1.318211212,0.2777541757657344
2.25710475,0.24535702990530928
2.507588755,0.5801212697324227
2.092050209,0.8266863577933207
1.130198915,0.5414532403838179
1.337514989,0.511790564306858
1.211827436,0.5075675119121262
2.334516804,0.22914333426065095
0.965297553,0.7191035076241551
1.829649959,0.36721254056378355
2.511786073,0.15653775451242258
2.342199285,0.19440018634915587
2.245749118,0.3854100371593995
2.807328605,0.40759369905532006
0.561385326,0.5026514087052152
1.020050365,0.4347620320888632
1.699384706,0.41661892509637444
0.852232375,0.3505641554717136
1.412018772,0.4770182710419775
4.446091145,0.0738243836140607
0.796610783,0.6122733671490934
1.169643259,0.6384376894302641
1.132901008,0.49464213133817103
1.30642106,0.3305037855851898
2.921413964,0.15933986017426757
1.651923692,0.5380388383080059
0.873881432,0.5545834784803179
1.116637905,0.4620326001122672
1.835283322,0.36559404189071076
2.872486574,0.17513118732672675
1.875234404,0.48455587538975176
1.329928716,0.5976086042929373
2.354603249,0.25212218835303896
1.824097811,0.46810801154145126
3.270980272,0.1875827421067399
3.181513731,0.42744946568496345
2.224536161,0.23216871692697175
3.118134788,0.17054497782937936
0.742238489,0.51324083145296
2.20543042,0.2284833338316041
1.065923254,1.0
3.324518323,0.14243705255182598
1.300954033,1.0
1.519533356,0.5626150339477454
1.105407127,0.20299458316655325
1.245773269,0.36958522348768
3.898804367,0.11077760544435465
1.602675772,0.7380343342846172
10.79066117,0.001
2.23646936,0.3604657276978188
1.55356699,0.6589516857270121
1.443140273,0.46741176062327555
2.060262683,0.5811411148458223
3.039513678,0.3568686188548513
1.959654179,0.26870055860151054
1.15490649,0.49997754241416553
1.967766117,0.7670074793918747
2.465446395,0.30574389892637277
2.91382517,0.16098067486874967
1.816596425,0.595875017415234
3.424657534,0.15001849915191348
0.893449737,0.41825278731721016
1.819911486,0.32418313957102657
1.452323718,0.4927021907086378
8.437038599,0.003655461072037223
1.296201736,0.45026115529902777
0.995933272,0.4262760394157189
4.91510277,0.05528151968778517
1.527070801,0.38411721016386813
1.221436205,0.5956001165104438
9.820521504,0.001
3.256003256,0.19547279358950612
1.422843099,0.4792633027979616
1.475651746,0.5097873608626602
1.334970898,0.6760826234943996
1.758933531,0.34076118443886383
4.180877984,0.1227809024685814
1.802172906,0.37278266597002235
5.735492578,0.027804201834889963
1.667157007,0.43226570574607565
2.116558378,0.28740391153232525
3.018379777,0.10097291915346907
1.93915889,0.40704708726079597
2.541812821,0.20311216899949794
2.675800064,0.2978423118163885
1.47988699,0.7269703935392854
0.81457547,0.23586287177398488
1.685064823,0.2914012852618326
2.000363702,0.5776592859786217
1.499666741,0.5888480549537967
2.387734584,0.23086502962794586
2.04829668,0.1845952464810207
1.372145447,0.5010024386273039
1.230254417,0.5818177236950625
1.165863516,1.0
1.962585602,0.3373120030137044
1.487580433,0.3160164663394062
1.391314644,0.34138851328749453
2.481902792,0.21058985226476504
1.005025126,0.5611701608058624
2.276348737,0.5516136052855839
1.456278546,0.6020087669052314
0.826104915,1.0
1.046435579,0.4295510793400419
1.695037507,0.25151550687239504
3.896103896,0.06044740628821712
1.47913365,0.6337541200902272
1.754525879,0.31225811182049096
1.935421438,0.2621983760127911
1.670345404,0.43746013990532223
1.781793885,0.22564111565816586
3.206135664,0.16844220622295855
1.85089213,0.28526306793169853
1.60710186,0.6274002197149325
1.428360341,0.5808397369603676
1.308854222,0.3913379083429847
1.08508152,0.4935866134345858
1.23539982,1.0
1.057658408,0.4956047447951613
4.614838481,0.05199318450799543
2.192810713,0.3020327084793647
8.613938919,0.005136245312515736
0.888942764,0.3206620011898571
1.291822762,0.7176078498794803
3.06056701,0.22679986110745914
4.757099611,0.08554784269872164
1.051394644,1.0
2.642527831,0.18019606243300432
3.22079076,0.22036244229399551
1.530534156,0.44147904938237775
1.406337896,0.45940458236816045
1.946661476,0.3990771900665827
1.222422725,0.6689814185075248
1.878038003,0.35003825912830555
2.661163309,0.16213080866798618
1.680054602,0.3815882335373699
3.307104573,0.10403725681740081
3.447285263,0.1727627917130749
2.405002405,0.5288998377726737
2.912419388,0.3444916590193289
3.598063588,0.0976761550355645
0.805484147,0.29038082028117096
1.96026018,0.5155574802489586
0.677206782,0.5170605295900469
2.441476375,0.26353838899484056
2.511465385,0.1809148368435384
1.341938782,0.745305062670203
1.228711853,0.35718762819612015
1.242532855,0.586339294285716
1.37484042,0.4631811343146795
1.427943761,0.34727186178218383
1.724248036,0.3138407414585072
1.492784873,0.7463276870614324
1.63004961,0.5463921784275636
0.775249703,0.3449506075269803
2.732539075,0.4345598950412809
1.93174501,0.6367594769668788
0.932415922,0.4770697550152463
6.054590571,0.017159875767315938
0.898539873,0.6824340089833395
3.333115483,0.15520047853589053
2.07840194,0.45986137034494734
2.592016589,0.29375109455973636
2.578057863,0.29953844106379746
2.418288305,0.20583804223923144
2.320297772,0.20205069324806868
1.581215164,0.4057167932315403
1.302886923,0.8593276202995156
0.901558408,0.6730447487022814
3.251768149,0.14511058101278004
2.734780944,0.1839797869718067
3.582283977,0.2096614466192247
1.686050513,0.30491924264806874
0.730927364,0.9020538365541697
2.771618625,0.4309983399428276
1.155679684,0.7914932359394061
1.670233311,0.4693190431517217
1.336898396,0.7420539547463415
0.951837045,0.5531183066986957
1.264051284,0.807308816929599
0.780689539,0.34460855609093294
2.183406114,0.5552788126531634
2.01394268,0.8261990580491956
1.089468471,0.4093755339571221
2.625685381,0.29012859635375754
2.506265664,0.19039086953865583
0.939127465,1.0
1.067452854,0.7537200588170592
2.006136417,0.7483792998830278
1.697623327,0.890586867476683
2.388535032,0.37985120758369295
1.978124273,0.7217214371365269
1.33807041,0.6109967721143506
2.029047416,0.7221173786769612
1.300316599,0.43339046055681585
1.672139122,0.3662737417912017
1.88267935,0.7706377300118772
3.709692761,0.13153308958920648
2.481203008,0.4034150089561163
2.082633524,0.5580119721664158
1.32053878,0.5850687728659351
0.882672461,1.0
1.985840097,0.8630662057351982
3.03404877,0.13913272105802524
6.543227064,0.01499305372875192
1.668056714,0.4757253907364918
0.69254742,0.8855568820475342
1.882884579,0.6433176521482348
3.699849694,0.17560511287429215
9.994739611,0.0011418463644256877
1.659133818,0.5850539895497106
1.740644038,0.2895726213428437
1.878639865,0.649607676654504
1.909059354,0.32966428448016444
1.435308591,0.6218906798660897
3.159901934,0.11422633754777722
0.641642605,1.0
2.016129032,0.23821080447543147
4.302163735,0.11732602502759108
1.793906599,0.20547131956062298
2.259352669,0.28423183866950325
0.902934537,0.661787131838408
3.349511245,0.1302763710184498
4.085043171,0.1020566790226964
4.509166174,0.054057327036641754
1.336855842,0.37078016372750316
1.363140676,0.6718581365958306
0.550753461,0.43249856884022403
0.654843111,1.0
4.669987547,0.13906784504040226
1.407824541,0.47493065174178195
1.164671627,0.4051346675782905
1.408450704,0.6130660081082115
0.903970517,0.5056681810312157
2.268295595,0.2294080739608603
1.310125398,0.33456201266654234
2.195113174,0.20189274403666246
1.039159921,0.7336985478450999
1.104108203,0.7805713080682316
2.477729927,0.3093674900544539
0.803858521,0.6884420763322393
2.159505548,0.6513509401288362
1.377710101,0.795243476584079
1.902044698,0.2773913277735303
2.958163122,0.3909335772867573
4.035624826,0.15327839907568844
1.335755503,0.6553555198819044
1.142566967,1.0
2.494722702,0.2587506003348625
2.272469038,0.22721388105170492
1.370883624,0.3504779318388731
0.790751967,0.6925158591386033
1.665889252,0.6494713415405681
1.148803892,0.4738094307977346
2.714872202,0.28106012566956273
1.182621686,0.821238866816843
1.020408163,0.5400186156304254
2.039924231,0.2821275992400583
3.426613364,0.11767364133682875
8.958912573,0.001944622299619892
0.594712159,0.39408197152194535
6.628003314,0.01058408250366351
1.45239376,0.5970246068545603
3.256150507,0.2992300536409625
1.595422787,0.5774940917766233
1.562194884,0.6569750874417679
1.963955638,0.42570714572499757
0.850409006,0.37353782675915576
3.315988164,0.13410516906768838
1.180494597,0.44182164649464634
1.001908397,0.41377123813195243
2.434845342,0.21312283256576278
0.761889486,0.7530908957759197
3.571428571,0.13444601294572597
1.619130651,0.5005230711863293
0.758648594,0.9577633415590769
1.003344482,0.5365860740625006
1.292621576,0.42351140904736767
1.689189189,0.8552120318427894
1.856763926,0.469540498838462
1.664545188,0.25681609537609756
2.745940783,0.23655942122623777
2.397558849,0.2572084252393656
1.017199926,0.44470810726116994
1.611574688,0.3236867876544887
1.55166119,0.8595621461214837
1.389120409,0.24069048916865407
1.629948998,0.48157949346561285
2.22254433,0.27393074016692953
0.916052911,0.8238007823944887
1.142141331,0.5028996087810479
2.452619844,0.6751244614893739
0.784441902,0.5719574389205001
1.137915339,0.65663394087334
1.17360561,0.34012609674729044
0.820748523,0.5680957876050039
1.611204065,0.5170625757759069
1.18116049,0.4538012106888155
1.297908078,0.42226800985395685
1.078709863,0.5525143750218591
1.664267722,0.4066329555256418
11.52184349,0.001
1.068080225,0.619715830348386
1.812469792,0.6006961373653473
2.175752448,0.3463538759957883
1.658541489,0.42687036765630015
3.469314511,0.19172624135894198
1.964250638,0.733506822798925
2.326869806,0.5888714881187032
2.265347731,0.39860181011143003
1.574290212,0.5790531791180065
4.867872045,0.03972396876554417
2.510864317,0.353327549765137
0.971439674,0.38515610788359667
0.835606675,0.4010146487000252
5.291005291,0.03130889504121116
2.127988857,0.19939714856450216
1.537560404,0.3663586487550585
1.00373389,0.6352475275312391
1.27090301,0.7226628040198155
1.466156227,0.37831339281048043
1.192072716,0.9415773666987712
1.328815361,0.7446296897373366
4.197761194,0.18220194780325513
1.685996015,0.4154399305385713
3.112413036,0.20006786589794837
2.337814144,0.40680025764750327
1.10166824,0.4336880165498472
1.138627953,0.9719604402317136
1.609855113,0.6048498715449493
4.443066749,0.06712648468771973
0.923416044,0.5144470401459453
1.549036693,1.0
1.352874859,0.9110468230189042
1.136291901,1.0
1.252276867,0.7339991231363764
2.069346087,0.2681612683857627
1.201235557,0.7545640729363033
0.873215785,0.6227720898699013
1.712501259,0.4143069137223012
1.364171886,0.33934984148886554
1.998977267,0.28620904247921625
1.468682505,0.9884346469741504
1.116646624,1.0
2.207018318,0.3027612141130612
0.560796043,0.32191125740298726
6.132542038,0.01729012726301115
1.065902158,0.4864070439883014
0.638641572,0.27169457329901503
3.383897316,0.23121115730865147
1.548997228,0.36011087518690993
1.064994231,0.3810012210598901
1.383976626,0.6271212227268358
1.430830635,0.911260585911542
2.557396106,0.1955452920948875
3.596583246,0.20559306233349425
1.534384154,0.617561841418727
1.626145243,0.4155285283741615
1.37119351,0.7226408111723607
2.962806201,0.15262563880507474
1.115802171,0.48876099342225027
1.471168682,0.3804959713556462
2.047315742,0.33506391698012716
2.070638348,0.41814042376051047
1.687590039,0.30782378665365673
1.136165006,0.678598849159703
1.805350402,0.3204163790695046
1.121150168,1.0
1.671486562,0.2299253933499555
2.362416107,0.3033957817301516
1.612605971,0.4385182137569146
4.060538944,0.09484101865476763
1.289894597,0.42744449683671787
1.137936337,0.362189828062615
1.091643469,0.43363477160994457
1.838344304,0.4578430820849651
1.809168868,0.2997963040213224
1.800055386,1.0
0.39717564,1.0
2.515301417,0.31995780857892275
1.359278867,0.959312847826809
0.683571498,0.5569620745157424
2.399389246,0.2823107709692481
1.140994295,0.5038592949736218
1.013042928,0.574661120175739
3.224464323,0.22124424927051148
3.595629927,0.09697515553560562
0.872958817,1.0
1.975710384,0.42308471639659556
5.933682373,0.05124658917468136
1.903504001,0.3477817038394819
4.361041364,0.11804198507149587
2.416166349,0.4382202787514861
1.936554777,0.602582347468001
1.087876224,0.8599602723767934
1.025809364,0.649074751847213
3.878922214,0.07978333194547405
0.975252956,0.6503648169737077
0.473743668,0.889602736533787
1.319715401,0.718712938764393
3.276803679,0.1482499952006704
2.360049089,0.4150698931352021
1.380071764,0.7279911926487375
3.665139525,0.13296724171405555
1.963886313,0.3870382609318483
0.63935699,1.0
1.867618786,0.44649062915100085
2.098740756,0.6105414425187714
1.287626124,0.33222047793636944
4.911875181,0.039755080609113105
2.871912694,0.3344047384161324
1.52027027,0.9906664435232629
1.550910317,0.5500737925669889
1.259366539,0.9896615090012175
2.804984596,0.14823406341181863
2.343513759,0.4612388572116747
2.899451175,0.1796481747614137
1.808972504,0.6033709418805261
3.048780488,0.22881260999835426
1.800683018,0.4760133278654857
1.003485793,0.4348798527776689
1.496922992,0.5709615471260955
2.067985007,0.21651498306143363
1.695128076,0.6166583184068046
2.476396843,0.23632240157026152
0.940733772,0.9653547779055619
2.178649237,0.2690743895952123
2.41046832,0.9176336637412061
2.378804036,0.3059774081385663
5.223568742,0.07564812782050753
3.345454545,0.14676666208878542
1.587495421,1.0
1.662459208,0.541552737348959
2.468505277,0.3037158215543816
2.995088056,0.3985600331532721
1.843317972,0.6167621392303487
2.276521475,0.46288236008937417
1.468926554,0.6100355105904145
2.218583276,0.26171873450582084
0.946228139,0.5661034582061122
2.418745276,0.2141348794972042
0.554129725,0.5816489191724957
0.980941704,0.7724888183435846
2.030456853,0.5163611898440191
1.776514479,0.7291849022595582
2.559508574,0.3262181975001758
0.82907282,0.24569425055012276
0.945364454,1.0
1.879699248,0.8230109500115532
2.424912788,0.1731584112784969
4.5072731,0.05945276605000803
2.383979657,0.19805132413447143
1.401919551,0.6922397588685739
2.390890303,0.20151172197231218
3.344208809,0.1635507015523596
1.214256803,0.35008198476140795
1.678745445,0.3032403111034344
0.850503443,0.5267774967061969
1.686785093,0.5286087820581721
1.233322121,0.5705780947154446
1.727261238,0.3147075211513311
2.063819654,0.43157864383015326
1.578999309,0.4289203404637857
1.5913678,0.32961048860402364
1.225264964,0.7796335139702968
1.929969672,0.7421772123103779
1.784700251,0.5345173048639628
2.054877312,0.3010094540137811
3.730976927,0.13635227786076307
2.228722663,0.3442779705408803
3.930131004,0.10956482898655455
1.101928375,0.5241669785660759
2.252252252,0.6993614257740733
2.454991817,0.677337237724968
2.613999419,0.1730655286179015
0.672899844,0.7836034598111182
1.394077957,0.6054890340560408
6.158420047,0.031373807280657466
1.361161525,0.49672122212638925
1.122705059,0.5063120380639634
3.736391162,0.0772862443420734
2.893033879,0.2028322950308828
1.054447853,1.0
1.231686763,0.8177620930123922
0.978192071,0.8562092339154843
2.655721873,0.3770229225745029
2.496301775,0.1955888237834143
1.252435291,0.8320446450725547
3.160418483,0.12359217742100136
1.001048718,0.7136384273407756
0.787918582,0.6451288500069272
1.047220107,0.48758517096642906
1.378298468,0.2676395731364036
1.481408326,0.23340343892838802
1.190535245,0.8646812098231896
1.289063861,0.4743330897060439
1.254486532,0.4839820849143949
1.499583449,0.5889702140774941
3.748305288,0.1343556024592183
1.781147242,0.3083199761631727
1.63096662,0.8329915501585331
1.916320664,0.5307597343602221
2.210351814,0.5916612144019029
1.303073081,0.4238529396659298
2.748282324,0.4328752968494683
1.46607093,0.6029069664512444
1.280111719,0.7348308617481575
1.239396276,0.28439871197727246
2.14273941,0.3877738425784116
1.566477384,0.4730266037297296
0.759065659,0.531244409249889
2.504830745,0.4678929887738009
0.786983969,0.26090806618992196
1.332715262,0.3926204836844474
1.227517746,0.625558058179632
1.670669312,0.2560844810668061
1.18241084,0.4310492859815116
1.643272852,0.5355781707091684
2.006856761,0.5014364900410485
1.386399757,0.3173837135169532
1.919931736,0.5702987043114378
1.341938782,0.7970556388921931
1.297275721,1.0
2.271640363,0.5295854152489972
4.911591356,0.057034765091519016
1.389716101,1.0
2.009093793,0.7202194303138462
3.20855615,0.21014709871481366
0.961962403,0.6913460384797573
2.314814815,0.3286253792164438
2.006353453,0.41116529146046416
2.643171806,0.4047248218820187
1.201304273,0.5487452341367404
1.004486707,0.947267694342014
2.804936689,0.26773759486695164
1.132235694,0.692530128278847
2.902557015,0.2503281409247571
4.839764552,0.05561113924119632
3.842869342,0.1330143669368574
2.53629526,0.36703116312404427
1.098264133,0.5874003049881511
2.262648203,0.40615440664867697
1.081081081,0.7693301608104153
0.719605656,0.9487437373238412
3.958120531,0.15263298124977165
3.565551289,0.16449729967582713
1.354697062,0.5848424788945725
1.981103322,0.39083160193242394
3.805991998,0.11376769515980119
2.496099844,0.44554173471514624
2.61164795,0.30855734907481325
1.814248831,0.624384354630401
2.343781035,0.1743570361290829
2.155614863,0.7432579949039282
3.247426242,0.16764813917264348
1.598363276,0.3244250603831668
1.17709599,0.5693578650192765
2.722384809,0.23691251769763141
2.01793722,0.7160480838546572
1.889746774,0.45180991398024106
2.963996164,0.2699192062581342
2.484586362,0.3943423147734497
2.0,1.0
1.230390649,0.5787412320115322
2.247016891,0.4278213253563627
2.214930271,0.42197637968885315
5.290546401,0.027575994757791215
0.884153754,0.6131675569196127
3.517293359,0.15936999210517486
3.357582541,0.15808853465509676
1.712091065,0.360736821403918
1.59299084,0.7472873909779649
2.109797372,0.2845937874082012
2.279684752,0.3736558823663394
1.866135855,0.2787513235890306
1.479394153,0.7851378301003777
1.584786054,0.4549247509087575
3.098927294,0.1998015363546186
2.343397927,0.3996578313105945
1.267852482,0.3276594604184798
1.383641105,0.575427819470624
1.181465756,0.4866962954242693
0.800263616,0.44392538466295955
1.63407593,0.5403866261036528
2.078314676,0.3624706662729872
3.646005966,0.13536675712129023
1.122109566,0.5571175469933366
3.424085519,0.1724779720695919
1.349440946,0.749770570644925
1.074832207,0.350508842968481
1.930373427,0.43384077285501543
1.684191361,0.4210912982283259
4.295197189,0.1415097495300406
1.867083817,0.3581480987032727
1.275214468,0.49213913989871694
1.122912085,0.8740170828314325
3.349522693,0.19008026581012682
1.544885177,0.43728835977991437
1.125872551,1.0
2.48568032,0.44280263266640607
0.919985474,0.4616465273066207
3.058103976,0.19222278076616045
1.288201848,0.5069130576276383
2.823263693,0.23678209890124896
0.947383763,0.6261005303226498
2.237500509,0.2727281199153131
0.530691668,0.3594196945477366
2.185099034,0.5088873248211925
3.297220914,0.137198749382694
2.339622642,0.3444351295408092
2.327871788,0.4520152130450052
3.568961547,0.168098674043562
1.546681665,0.5552737719100452
3.273545659,0.1552426816231731
1.464647658,0.2600076164416089
2.106530244,0.45390118568496174
0.899137885,1.0
2.996761564,0.14388152677798874
3.318813524,0.21035883543208128
3.342175066,0.1284000789307167
2.769562972,0.1633387346814731
2.855200544,0.4994531321756545
0.760796599,1.0
2.568053416,0.3045573833471371
1.339320886,0.46414733816080406
4.967709886,0.04287953935509612
1.741991677,0.933604297211243
1.622924974,0.46218876839430145
2.568581116,0.5458023032602641
1.043129388,0.535977036252217
1.375370292,0.5762728756895589
1.034007353,0.6205344310981207
2.278827164,0.23921484399569684
7.925072046,0.004961932207689697
3.104468991,0.1713022729124488
1.556032739,0.313179801040834
3.192986254,0.16327495984967652
2.129169624,0.28662509598898733
1.813072251,0.6003460275363053
0.907715582,0.6009240769661153
1.698715771,0.622370308862498
0.858570091,0.43680589144118653
1.448152763,0.39152377519760434
2.378249824,0.258371504170906
0.748129676,0.9192850456468747
1.317605722,0.8216569242043809
1.74071618,0.7160334009053277
1.669449082,0.4426413307912745
0.767828007,0.5327353160276989
1.009884628,0.4733309021882618
2.756653992,0.3157444771029386
4.242081448,0.07541352217547717
0.838490717,0.24578756650634784
1.162667794,0.7247937472090917
1.681520094,0.3917220149826196
1.379416047,0.8182850652180814
0.969260593,0.5027268908952025
0.981643271,0.48425918566833576
3.159718683,0.22699269230574687
2.749439259,0.268622973473623
3.603770098,0.1402298951224513
1.23512805,0.31645412295799247
2.082341742,0.36958298781490956
1.652380461,0.5247108552926824
2.827177383,0.29464325946036657
5.157690031,0.0277123500407618
0.762116624,0.504971948235426
3.07755437,0.1255368310739934
2.948402948,0.23683500968949353
0.784888284,1.0
1.379704077,0.6109332760724056
1.772137426,0.5448785300624469
3.218167466,0.12585878431957764
1.317660113,0.4061590929550194
1.886223027,0.39124456506044336
2.477163648,0.2148062972595101
1.453938007,0.16696918681210163
2.857885165,0.28751613523676917
2.800933645,0.2147592294538095
0.790513834,0.7221506638481429
4.5100451,0.05931663926104998
2.589591513,0.32020495467451565
0.951610601,0.8602046222568293
3.240661777,0.20074882481341164
1.684801685,0.8795154476753232
1.943920829,0.473818810484577
0.946421999,0.7536803451059731
0.747771067,1.0
4.832474227,0.07064001897767984
2.203487258,0.516985186612963
1.580694452,0.5088393878365374
1.080557419,0.4633492408661173
1.569516502,0.3691569713512106
1.330292664,0.6078647199634792
1.787487587,0.800005379354858
0.927972925,0.4164840630697536
0.794470485,0.23566019945748737
2.34393312,0.32231058916361177
2.197265625,0.46572179309432177
0.851195543,1.0
1.631828425,0.7210246555715782
2.039592082,0.3498532926141084
2.405256365,0.25675945121141136
1.970475175,0.2729092712699234
2.167704642,0.228655785203019
1.863853942,0.2968946517121166
1.726608133,0.279551095654706
1.805054152,1.0
1.876172608,0.4587620469309003
2.642706131,0.24046039956656365
3.557229546,0.10205678046439776
2.96268864,0.2502501540272971
1.532928483,0.7078788951335452
3.87541266,0.21859856563845043
3.87541266,0.21859856563845043
3.260515161,0.1731416886920503
3.763230106,0.12229546459692095
8.382815229,0.0050981475279018
5.500673552,0.02725245353473763
5.500673552,0.02725245353473763
1.805054152,1.0
1.805054152,1.0
1.180846667,0.9723453169891966
5.479452055,0.02531888143987727
0.825792244,0.7389154803455334
0.825792244,0.738294880665514
5.223568742,0.07565697286953142
0.641642605,1.0
4.5072731,0.059454221819689165
2.749439259,0.2684783776486359
1.366714295,0.7769301537973963
1.253620369,0.5475858136058751
1.253620369,0.5475858136058751
1.047220107,0.48753551417800584
7.855081757,0.0038089858341494648
2.844950213,0.5523405706906098
2.844950213,0.5523405706906098
1.978136387,0.7594284006353258
2.760657422,0.21347574598479238
1.741991677,0.933604297211243
1.511964239,0.6804728298238478
1.511964239,0.6801826174300858
2.895117779,0.37148659203512197
3.061934586,0.3165986557601139
1.512573265,1.0
1.512573265,1.0
1.512573265,1.0
2.029366122,0.7826806613671817
1.529929241,0.6053058887758773
1.032808896,0.5363189031524767
1.394077957,0.6055204729809219
2.098146637,0.6906515469262826
2.098146637,0.6906515469262826
2.098146637,0.690272976817986
2.092050209,0.8268738803041492
2.009093793,0.720368448921406
2.009093793,0.7201847429029424
1.790968402,0.47019540088946477
1.790968402,0.47019540088946477
1.790968402,0.47008371110791153
1.94016134,0.6416727449759843
1.94016134,0.6413712564181431
2.74245824,0.40339462476014604
1.319188699,0.7007156888249861
1.235106074,0.899388496216857
2.00492117,0.5413188970855123
2.00492117,0.5412004591775013
4.967709886,0.043085161142140664
4.967709886,0.043066663974007297
1.27090301,0.7242288991162349
1.27090301,0.7242288991162349
1.758370577,0.5821846615044072
1.352874859,0.9076985736111893
1.620402987,0.546232287782845
1.620402987,0.5459177794377725
1.620402987,0.5459177794377725
2.405002405,0.5286167790364815
1.081081081,0.7693025143667351
1.496922992,0.5707478324869508
1.548997228,0.3600515582520731
1.548997228,0.35998507220704395
0.742641102,1.0
0.742641102,1.0
1.59299084,0.7472375456355674
1.59299084,0.7472375456355674
0.949023861,0.7473865866613015
1.255680459,0.7141316211903836
1.632335795,0.6827534362813716
0.978521454,0.789385810736515
1.359804188,0.7235853964975628
1.359804188,0.7235853964975628
1.098794558,0.4391270648505294
1.798941799,0.3515796876987022
1.484135107,0.323282914249215
2.184131808,0.23340549485339995
2.214301145,0.31699337732713867
1.226704411,0.6307352807631479
1.886665319,0.513217199340283
1.704781705,0.36932386641690174
3.465144721,0.38311141694160955
2.132385606,0.5479921105143781
4.604386284,0.08851201553261603
2.522068096,0.6069626198277399
1.378254211,0.5780869655597541
1.908926836,0.26163391839811784
1.80232371,0.28139736227830897
5.146974723,0.05415410110503715
4.066543438,0.1543107010567604
3.308319212,0.16589443020099298
1.048846269,0.615598417284732
1.696227737,0.33443339144360884
1.251008878,0.5583020946842466
3.220093383,0.22246277603664677
1.295876336,0.48227267713932637
3.601773181,0.1848839158045666
2.826136107,0.17641480147523755
0.634383591,0.46791674837760006
1.553319376,0.5475186324987826
1.434578283,0.5211394141355846
2.595870206,0.32256694584209633
1.05576947,0.40539389059168746
1.96293253,0.32995446213021373
3.597122302,0.2777450636551917
0.796654053,0.8541692330496671
2.057998129,0.8184937637914177
0.495629449,0.5594402170615466
1.25052105,1.0
1.890954932,0.6109030768264494
1.629314358,0.2993619898925267
10.9974918,0.001
1.567398119,0.3975002597382376
1.433053178,0.44681654459117215
1.243512111,0.7655869159663288
1.865566171,0.44095074367635245
1.563774816,0.8730650791393637
2.92214569,0.2972004263113964
4.78970214,0.07549099598303807
1.081373344,0.3413581761556098
0.984841997,0.699624785803079
1.981505945,0.48788352065629254
1.382579498,0.4095797321767014
4.824914102,0.04182919854999213
3.951904482,0.10181663885735134
2.96606473,0.10456699139201611
1.203146691,0.7402635062366101
2.622882023,0.19422858093065265
0.587544066,1.0
0.810514786,0.36179391565792723
1.498777313,0.8601002913685312
2.448167699,0.3528634203130356
1.347210482,0.40231873152451253
2.476829658,0.40826761877714457
2.107818089,0.3846441833663326
2.178520961,0.1753312369271705
0.646087581,0.4396421088304289
2.071522024,0.23720579147059057
1.2443513,0.6968341048266302
0.919688226,0.38378835075631446
1.047689263,0.6953922074495219
1.540542572,0.3963452936878822
0.656338452,0.24309166021463988
3.311258278,0.21479236778689434
1.065656267,0.39547838841045013
2.299511354,0.5224667531809414
2.546843733,0.22241887693381482
1.437048025,0.44377084922923826
1.165218236,0.6429544145681491
2.085338466,0.24930144525983539
1.743240102,0.37982089865094454
1.005086971,0.3797367565640976
1.475189987,0.48899375198674405
1.693111455,0.4397085923628766
2.468983396,0.25889856058153876
2.355356927,0.26786244978925267
2.248779234,0.30005246856892587
4.799385679,0.09904044502171347
0.352804798,1.0
6.111289804,0.01985979787207651
1.008722483,0.48836976876574134
6.274723776,0.016074174004216162
1.654145703,0.6936082778046101
1.316915783,0.7894894586359967
1.194087652,0.456069377872483
0.687817041,0.9677616994458885
1.637004701,0.3863555291226221
3.652771809,0.17162074335558816
1.62098438,0.3799117636209659
2.310572863,0.44344107704980645
1.880484747,0.36966220102498104
1.030089455,0.813974363113053
0.944565795,0.4444051125875105
4.071119973,0.09671535394840994
1.948341127,0.40918485486195433
0.695442533,0.8947738971110195
3.335715988,0.10110516905829607
1.554741963,0.5516128949494941
3.484320557,0.3283681083711187
0.482998454,0.641468204060775
0.339844029,0.3868604827634688
1.395767672,0.19496973006535975
0.900827123,0.9724420924262265
3.065329842,0.18346946179337623
0.533416309,0.4734364457209892
1.043986637,0.21069585149711206
1.119274481,0.3477540066695371
2.050981541,0.3904547469028738
2.552241187,0.5787472720209847
0.90605357,1.0
1.85528757,1.0
0.676851673,1.0
3.042802083,0.17705325629942192
3.04414003,0.15042282151686137
2.051001572,0.4490642270924883
1.465236092,0.48148602958359193
1.644669216,0.36771743046728267
3.138075314,0.18685912247990455
1.786186822,0.5831606366615801
2.764340014,0.17984642416071459
1.535463297,0.6824852804527133
2.494712295,0.2086106917451146
3.853021333,0.12399095263626983
0.595959804,0.37502908483409214
1.61498708,0.5287063378167344
1.981743935,0.41633890049179634
0.65449205,0.288942620344924
1.608114795,0.4932063529379716
1.319924576,0.4075945521510722
3.377744417,0.36783873571176945
3.465144721,0.3831505758750457
2.310572863,0.4435820188695337
3.484320557,0.32846420576870117
3.484320557,0.32846420576870117
1.803020059,1.0
1.803020059,1.0
1.85528757,1.0
2.552241187,0.5788572824514878
1.51384083,0.7564485886885759
1.316915783,0.7868247689885166
1.316915783,0.7866719142234168
1.316915783,0.7866719142234168
1.316915783,0.7866719142234168
1.316915783,0.7866719142234168
1.316915783,0.7866719142234168
1.316915783,0.7866719142234168
1.316915783,0.7866719142234168
1.316915783,0.7866719142234168
1.316915783,0.7865193944684826
1.316915783,0.7863672083229872
1.2443513,0.6967507340466889
0.976226025,0.5771216416091384
1.373959428,0.4509884670194529
1.143864833,0.32024739215345477
2.114835572,0.30909367516484526
1.482297137,0.41082156596807234
1.097178683,0.6913726177457898
1.308615049,0.8797449653312379
0.645621666,0.6372786267177032
1.988071571,0.5684871487147283
4.273504274,0.2047261401493006
3.74710451,0.07562606399297957
2.288329519,1.0
6.133828996,0.028037802558550182
1.724408214,0.24462017906768474
2.531236536,0.21910551991180913
0.881073785,0.344804494405512
2.066951247,0.32657943647449666
2.374826836,0.21126112989942433
1.70031881,0.47419381646654213
2.405663619,0.40126701017350486
2.072878027,0.32649948164400094
2.248808132,0.5451554345551705
1.882006382,0.5652891014030905
0.940792775,1.0
1.604023063,0.3501436905411754
3.338102051,0.3645627295022915
1.619724647,0.5542409958726954
1.268685531,0.7127595356987426
1.039414602,0.6281679481582406
2.18459858,0.20132543507699194
1.726396,0.5870342962533649
1.710418681,0.395030099360438
1.601441297,0.2414788006807096
4.005493248,0.12694634183788783
1.103471692,0.6681715445126318
1.87750874,0.5217715070460758
4.862415737,0.06294335917796343
1.788802099,0.5431973359974862
1.208994922,0.574671372298101
2.363445378,0.37057867972122754
0.923288786,0.3012800989642417
0.681640026,0.7351581323249003
3.477727203,0.07586891163360568
1.29387029,0.4943756369950912
1.789388924,0.43976474487607425
1.71778113,0.400072783534912
1.271725307,0.30925944621198326
3.92279931,0.104578550294071
1.998001998,0.5177675955396378
1.231823903,0.30542626789784866
2.542372881,0.6696295870423234
1.053332714,0.2450119429481721
2.537555826,0.3607141593869076
1.264316525,0.39593461949519154
1.554504825,0.49929635262647415
2.00414651,0.37988872902188964
2.350652509,0.4296520382457355
1.659870819,0.27829535107708564
2.532960966,0.23578100053608145
2.057613169,0.27871964148033207
1.50526844,0.3717516260221907
1.599390708,0.34223616470043655
1.4653446,0.608326509372665
0.428571429,1.0
1.619141855,0.3839610437384556
2.965225986,0.26404112654583767
0.919411577,0.6355504114668223
0.787277594,0.48288570590234287
2.399409376,0.2567982161768774
2.123264088,0.3540845715668595
2.627388535,0.392497161516131
2.036314271,0.5596636913675421
1.2101959,0.5800183981377854
2.985074627,0.33619542615953724
2.285714286,0.49616942445384127
2.108963093,0.21360049180305105
1.533977604,0.7222372937396552
12.9073212,0.001
2.663943524,0.1558446520874216
2.019036631,0.4378987486758867
1.377340203,0.6459727772274202
1.710451296,0.4327790266407592
6.103915438,0.025901583442564248
1.251564456,0.5417530291853391
2.826806398,0.2192957557642319
1.077032286,0.3627630925084382
0.905865479,0.5158526329078535
1.061719427,0.41852387240448463
1.094530019,0.4177293851036501
1.094209273,0.2619048212134044
1.491630297,0.6091993247971444
0.750801993,0.45686697950758254
3.744211252,0.13131892265904124
1.681210472,0.3818141419104906
2.091000335,0.7074366906764818
5.925479562,0.01818350010692476
2.323636026,0.5003320940390726
2.135231317,0.36860871313748966
2.164234479,0.3905735850556006
0.777047221,0.4265830182970095
1.419302514,0.5169301970973185
2.598322901,0.4242081905501259
0.645807097,0.6316601263379259
1.804882683,0.4150118909710409
3.018197958,0.13538729742349456
1.89206976,0.6731365818313229
1.907340183,0.2237564957655625
1.715426361,0.3676717647522987
3.652058433,0.11419379523651253
0.736628871,0.5115998268364315
1.048657718,0.6547401906225376
2.276923077,0.2993710548053445
3.121045972,0.2327126424469619
2.04638472,0.5900302906842224
4.016064257,0.05898703329443632
1.284704875,0.4637012165174429
1.717893955,0.3773308442269759
1.364877161,0.6733836137577393
1.150171051,0.39141717457998976
1.73981811,0.7359280326791106
1.826762064,0.7522999857889585
1.077752117,0.5674447070616399
2.128514056,0.3311555429267725
1.099538805,0.41431479912083996
2.059025395,0.4057953887981165
1.892147588,0.3408552510001789
0.91273262,1.0
2.015988877,0.39420491290953374
0.932103611,0.9338428768744138
1.600279321,0.32740236967022635
2.317880795,0.5256641394226027
1.935952247,0.5321333697078917
1.408587527,0.5550941171731719
2.757113874,0.21042894386290928
0.987426766,0.5123881330763391
3.055100927,0.15667771147763732
1.469190217,0.43437679425301456
1.342125226,0.6605013510530027
5.242255759,0.06042941042332196
1.368987862,0.49143026399377704
2.513352183,0.2119980967874072
2.47664874,0.42817397835774496
1.510372707,0.4228070776657924
6.965381017,0.007014301498230093
4.044117647,0.1617522980056555
1.701728134,0.3044639893634458
4.262000897,0.13643139203437665
1.781907277,0.42837189208633597
2.476473502,0.3289734506401011
1.58853941,0.3576591240989529
2.770416767,0.38261776230270916
11.63723917,0.001
3.812137847,0.09339728971766785
1.266722279,0.36676340209323904
6.0,0.03629114732370729
4.30244602,0.054280658243918374
2.789101051,0.3647569002225698
0.73109132,0.3868832524116062
1.306193534,0.6197453510716902
1.622475556,0.42678161734084297
0.698421567,0.6179336591364731
3.886262064,0.1063576121155905
0.619301565,0.6991692393996256
0.703839837,0.29842385771567737
1.391982183,0.45647777587295696
1.870657402,0.6344745543538585
2.72447974,0.27716690617290746
0.872752662,0.9485072225150194
0.395168171,0.20185817022037036
1.515335192,0.4641467311284958
0.818838242,0.4125737932410366
7.146638433,0.014182209521035345
3.403723256,0.13839260580686516
2.62853538,0.2069521110996062
2.388207198,0.4149747112423018
3.045744743,0.149094499003007
1.095590249,0.9088255096186504
2.649078229,0.24412269501410838
2.167719559,0.345408281155651
1.533132701,0.5511184661771076
1.705725304,0.6755354615848534
1.502803306,0.7104095647378353
4.376871689,0.06393129111127996
1.256073778,0.47329011956220535
33.53658537,0.001
1.703172654,0.43869137535860386
1.995191078,0.4369743780680488
2.852410747,0.2652880880544291
1.539728578,0.4143249429512916
1.982738512,0.4794219526182825
2.284356725,0.46144664694376986
1.344549404,0.41475647573035784
2.577319588,0.25004087522249263
1.538757453,0.6507441585362143
0.687302094,0.5568871273247741
5.163043478,0.09967407459709908
1.483606152,0.55721322460234
1.673271686,0.5310701576452974
0.740544829,0.620892640154625
3.673044241,0.07735577161194118
3.997887908,0.09176781530704943
0.502336959,0.46575510995520175
2.559223046,0.2565644712999607
2.057216329,0.3933078805085578
0.786509056,0.5206435729414781
1.180186747,0.44107391725340706
0.347826087,0.21871548558055492
0.860538912,0.9463699040220633
2.159161012,0.9544356899652038
1.660210293,0.32140133014527106
0.617883308,0.5097985794324023
2.327878104,0.345064816637248
0.629981648,0.6297808414528698
3.492299765,0.09336333183936034
2.686486971,0.3012157795062477
2.625972353,0.15933136251302626
1.977831802,0.2774322810896416
0.856795585,0.32362665305645905
1.585305855,0.49484788133462915
1.331087689,0.3573559743071045
0.667866891,0.6406821674149105
0.646075094,0.5877795049098576
2.167825851,0.33873527313058904
1.14497789,0.6327591155639697
2.644725242,0.2385829103726142
1.510859301,0.5435149674236629
2.643948296,0.3147155816810925
1.101266456,1.0
1.494265755,0.4451786661176971
0.459541225,1.0
1.474110927,1.0
1.305003874,0.4654110003556963
2.744784909,0.1412463154749468
0.965250965,0.9884359605756472
4.068965517,0.0758027584265136
0.909770283,0.4902245394145547
1.203369434,0.9614177763920707
1.823866597,0.2716122271493423
2.863436123,0.31847952084004444
2.809533036,0.15334373965932951
3.278688525,0.3057766842708217
2.617230098,0.4703399578196834
1.347273119,0.6291008749031378
1.980633803,0.7609612430756025
2.127228525,0.5623223365740844
2.407438154,0.37806473246649075
1.231967571,0.5297277430767668
0.914514654,0.35581518880984203
1.670618668,0.45870083706974785
3.353747448,0.12809377960317994
1.064816405,0.5686835920119775
1.204861972,0.4900100007019702
1.047629738,0.5416895596573746
1.258970162,0.7142851997283525
1.466960059,0.554601504171255
4.984351455,0.05803117478068617
0.890019072,0.6217101005480858
0.786818476,1.0
1.699029126,0.5511024643116226
3.569179089,0.18990537346243033
2.006903749,0.5182736527192552
0.648781912,0.34565079176364766
4.424778761,0.04794194286585957
1.054099085,0.5120205739979837
1.199884149,0.5593878666239083
1.022536709,0.6752770763067503
1.747769294,0.3589429884250547
0.992063492,1.0
3.673822216,0.1692083282090986
1.156284968,0.467350121416255
0.767668763,0.4950127809616766
0.999173098,0.4953602868698956
3.800836184,0.14003615633079544
2.96377607,0.3170349569536051
1.338034152,0.2495951100092314
1.821209283,0.4347158987257707
1.627140707,0.3964464855150214
3.958010669,0.08672748101918717
1.324662813,1.0
1.030004478,0.7918331921588087
1.178967225,0.8211953899568841
1.523616049,0.3473066156596996
2.721153387,0.14583656226737052
1.228657374,0.6216383446419256
1.520403819,0.6928651465343225
2.175025589,0.24545114187384923
1.533829461,0.6735220406485977
1.139802696,0.4921460140102224
0.676035564,0.35517830821805263
2.842703727,0.37516610218879504
1.354646437,1.0
1.527417138,0.42365285845908507
1.789019124,0.5453555296313802
1.388603168,0.5174238427967842
1.526478531,0.43935285434802457
1.560603433,0.5215665670182602
3.717472119,0.2660958460621943
1.106948229,0.46766459235935337
1.146170442,0.4683801163663014
2.374169041,0.49694737792634136
1.888217523,0.7069143626412367
2.999580059,0.15134027120552665
2.427541562,0.3069870277475293
1.502584445,0.6386082003533411
1.491279258,0.8057981489187893
3.152088258,0.20995257100159204
1.75192712,0.8348258596319094
1.17370892,0.4159776596208773
3.075696303,0.12495169644160138
3.738728832,0.3680869291635219
1.113286499,0.5851153785110884
2.765231819,0.2885367461275354
13.11232063,0.001
1.262161451,0.6550140543076761
3.707794257,0.11454000767497496
1.813110181,0.3631991241175582
1.300728408,0.7935034348593683
2.312550031,0.446929514072769
1.345544511,0.32881283662275473
1.439715198,0.1669691522479922
1.665371378,0.44207057252250465
0.730969864,0.6482562292971751
1.569279055,0.4205487128594319
1.749151147,0.3688917228611523
2.049180328,0.37291286201274804
1.171382231,0.535312920261014
2.778576219,0.4047071008742751
2.434315454,0.38092833091292777
1.834277056,0.6558022104731904
2.958579882,0.30343950558232163
1.056130215,0.4870962305380219
3.510914364,0.2436360742880843
1.461195824,0.20635447981895924
4.524361949,0.06617181938107132
0.955882353,0.4586999200166844
1.298821783,1.0
3.328144291,0.10254443050156106
0.797156807,0.29379014349184907
1.477312698,0.7176886148346316
4.048054322,0.1582796168592415
2.923976608,0.182054853628965
2.524000541,0.22041477668780193
3.123048095,0.15124600738562874
1.925159427,1.0
0.79447323,0.7443572320402861
0.887185493,0.5271837303422073
1.397038279,0.582414460247085
4.158324349,0.13708014995696588
1.950268162,0.4110730100015258
6.00120024,0.017789836406864577
4.967880086,0.03616289559863798
2.949297189,0.20536064337112067
2.429624665,0.37510420639852793
1.483887225,0.2592852953972295
1.764359929,0.25235141409402256
1.833989947,0.526247860545545
1.072049092,0.6485801837388819
2.317655078,0.5684787312287912
1.720042592,0.8161561972122741
1.937763593,0.3911524031961369
1.197341413,0.2511145317952791
1.038286827,0.47064672588847273
3.877310808,0.08497732317551959
2.479228089,0.3127014682120799
2.971687919,0.1558144323102614
2.900302115,0.4172752129644023
1.292480803,0.8445607886964188
1.376367765,0.7263580882730694
1.429032407,0.7279306953243683
1.956628078,0.3982633331806027
2.048192771,0.4192778959695481
2.414612299,0.1800161148925433
1.482748788,0.7497720349802542
3.493384867,0.16034288558538964
2.094710855,0.4736414810684532
1.898583973,0.8405985904034412
1.982488022,0.37600952426986256
2.322495023,0.3927097871277294
0.690160894,0.48820669477421547
1.44358471,0.7428291850684473
5.123107509,0.03262035985814543
0.725329261,0.47396544883673364
1.358431981,1.0
4.332634521,0.13615701539549951
4.281090112,0.10105920534636423
1.3249947,0.3570975952976606
0.970664366,0.7529776637942945
8.827238335,0.0036560676306945255
4.16453101,0.05978941098153432
3.50631136,0.17265572883143201
2.384196185,0.46658776092266246
1.836240714,0.5633312496744763
5.426524853,0.030239324659428118
1.201652272,1.0
2.98465037,0.3509217199228798
3.468780971,0.1114123694801889
1.399776036,1.0
2.377350335,0.2816005439919174
2.420428416,0.31012285249681204
1.142897961,0.5328222890811448
1.248117065,0.23947915042797235
3.800092123,0.16299672627388118
1.480165779,0.7497302289847211
3.273419831,0.11708129009074951
2.141960263,0.49042707895581944
1.302902327,0.6390715973086687
2.307387244,0.18945195804346154
2.061722827,0.38390655650844635
3.64397581,0.10261315864998165
2.143032084,0.36170732607259515
5.542725173,0.02905973451986589
1.727319122,0.43890672893301164
1.965280052,0.44414405086419145
1.09694746,0.49225626088876673
0.917716597,0.24654323082495547
1.537672988,0.8987530624499543
1.169590643,0.9015223697310236
1.271823332,0.8624318623664958
1.190687305,0.34731106803324935
10.46207498,0.001
0.857632933,0.7608175222555645
2.801600915,0.1754193642113387
3.219669252,0.14315299146037297
1.262028711,0.5823991754659251
2.195639007,0.4623964139112126
0.757649344,0.30897374502267305
0.467977002,0.4841122807320471
1.29079396,0.2780770184028401
2.561287962,0.4038691487036828
4.5930553,0.05223469364033654
1.714285714,0.4949418461309394
1.105509861,0.6953771145930765
1.285728415,1.0
1.98133375,0.3584595090477495
1.85368265,0.6588269532360342
3.076923077,0.20796358833457124
1.124859393,1.0
3.001277139,0.1304864014729012
2.331743508,0.24647310635381448
1.231262337,0.21491144098939496
0.817512944,0.40044071080003113
1.526929484,0.5008629868047174
5.168948023,0.037565625202026595
0.969180074,0.4506086852492652
6.387693912,0.015040061040514282
2.441429175,0.16617988869726324
0.780389277,0.46707016630417814
2.349992167,0.4536205837229753
1.277881041,1.0
1.096758469,0.24321394187859569
1.096758469,0.24321394187859569
1.096758469,0.24321394187859569
2.842703727,0.3752135738313335
2.842703727,0.3752135738313335
2.842703727,0.3752135738313335
1.705725304,0.6758166597093106
2.6849642,0.3255001958724409
2.6849642,0.3255001958724409
2.34948605,0.40756928042015816
1.263376932,0.9927022510302321
1.263376932,0.9927022510302321
1.047629738,0.5442366292468015
1.189060642,1.0
1.189060642,1.0
1.814091866,0.45952932269064134
1.325893597,0.6473742437214645
1.503464505,0.5961779088015402
1.774153386,0.2661920459267548
5.109941158,0.05875596725313044
1.476108135,0.4604992386509976
2.12296889,0.43378815663732045
1.013731453,0.8714213443707619
1.617331779,0.350554757853081
0.676388626,0.615989866027163
1.455483012,0.5045726223776562
1.710220276,0.5192937391765928
6.480181445,0.012724438590303358
1.38903729,0.7354003565414793
4.925137904,0.04954250862523224
2.948449686,0.25410785675507924
1.208876608,0.29762728468040955
4.291845494,0.09395834982160756
2.812148481,0.24935942644839237
1.942030393,0.33841984151605775
0.644350656,0.7071435530123265
2.363627937,0.21437754090729308
3.239740821,0.11182341853211496
1.434936938,0.971448684991223
1.382382306,0.4113639903486493
1.578430954,0.4030246056433805
0.819346509,0.4453014533811256
4.041248606,0.17115037521497764
2.333916813,0.42830073334006885
1.773639286,0.5667083063521063
1.715265866,0.5148870685287085
3.829515637,0.10200514451518682
1.338749885,0.6669633314568951
1.173606885,0.5431226166590242
1.783119799,0.5903679136039116
1.404842575,0.8556616434396651
2.132371033,0.2712145849311979
1.799856012,0.4549717963360416
1.837837838,0.20290358055246616
1.050219591,0.7377746057765793
1.146721552,0.3886291107249578
2.750322303,0.3315445203997931
1.329875657,0.7786364442921508
0.712744645,0.3792513229239734
1.327749974,0.5637238117079154
1.374501324,0.41431088083366
2.576715859,0.4767131465949094
0.837996378,0.510160308008948
4.539340955,0.05707453914941043
1.860864586,1.0
1.719626168,0.3593299314321396
1.813906617,0.3042532448591462
2.55214292,0.3394879023807169
1.082714908,0.3363437146023022
1.489488467,0.5180315553034068
1.150712198,0.5814789422867255
1.314165107,0.5412899964751101
0.352769239,1.0
0.871906655,0.48371861154054346
1.164618878,0.9956302460643078
0.938856942,0.47317571504962147
1.554907677,0.7011802457010773
0.914192844,0.5461354204523919
1.931866371,0.32844682312036017
1.440264166,0.41962770797173005
1.662280094,0.5102889301940656
2.257336343,0.4014776311005873
1.02748523,1.0
2.94798905,0.3304382520902282
1.264755481,0.6925901939442937
2.001177163,0.36177926501570606
1.792917974,0.7463117420235666
5.564041021,0.03423115242781422
5.274903632,0.06538644948732857
1.165331391,1.0
2.324627376,0.31567438329937775
2.498849214,0.23182139770942783
5.28674865,0.03730830823419124
1.921051001,0.23854033615798068
2.46555475,0.20674867094544128
7.1461503,0.010304549408158167
3.192740716,0.19718517470434932
1.525262154,0.33543984189660897
1.202718143,0.2756351076521604
2.51725538,0.3480515184410533
2.080676555,0.4366654634891166
1.398779247,0.619563083017079
1.309606348,1.0
1.287166946,1.0
2.549342105,0.4067471298990288
1.736111111,0.5863014579252158
1.432860262,0.7383015518813988
3.068632587,0.20617686649972466
1.432151808,0.4682402827826293
4.699060188,0.07075335039431944
1.138222949,0.48681635012479235
2.697556331,0.212568051880594
1.523736965,0.523975040940023
1.399650087,0.4756792510060271
2.140818268,0.703579387670293
3.902341405,0.12313963549292521
2.55250029,0.5956164126673362
1.253794378,0.7529142778294592
2.218466089,0.4878501509467892
2.698929735,0.3391140227750625
1.185722928,0.27308183965775107
1.578231293,0.5503973928306811
2.28292214,0.20933609669884937
1.410896462,1.0
2.127235259,0.3390258504658071
1.959801285,0.2785246147537041
1.809627217,0.3821241354798089
4.126547455,0.08640372412121633
1.541837158,0.6346137733472822
1.652346332,0.4752034542325403
1.663330608,0.24888932478625336
1.434916297,0.9307615770993225
1.998750781,0.4126086155056005
1.175890453,0.42059854093515914
2.321419935,0.23144171451959827
6.640681392,0.012125492590071122
1.282680047,0.4445340160812013
1.940670918,0.6869177308405954
1.726778093,0.31898706577449926
2.296738631,0.19147036366232578
1.748524682,0.2876477617055972
1.422552935,0.5588958094120292
1.41524606,0.3237662201779555
1.733309426,0.5450324384958259
2.7414593,0.31253116647943335
1.078619367,1.0
2.474022761,0.40510815050258026
1.363271852,0.4611261578761496
1.044354343,0.40746014189436813
1.493676768,0.3275023297841377
1.552312946,0.5830720853103838
0.543301097,1.0
1.248156133,0.5745494534475628
2.143707821,0.5229865034955048
2.19149097,0.39992452596779976
1.728004706,0.4285389058597798
1.404494382,1.0
0.849313844,0.8882082114038418
1.500772456,0.3572055372274095
0.273564546,1.0
3.545665729,0.21362268947310625
1.76146789,0.61220198966508
1.231716705,0.6867007491990876
1.73652222,0.746826399034712
0.789964294,0.684316483563086
7.221031254,0.00674310380028137
0.942179907,0.8379849802979019
1.834285415,0.3789098917876948
4.363924888,0.11639683222737551
2.298695152,0.37956483928659274
4.173187272,0.11195135301497901
2.47098465,0.30138000316378166
1.416365879,0.8873760088012681
2.374965074,0.2885086395854457
1.950912524,0.4562926146596411
2.746472204,0.31581860209604706
3.175179171,0.22977198153931677
1.7220486,0.5470700926744081
1.908154179,0.5312460575277056
1.258528184,0.4216367679932044
1.203079885,1.0
2.634907251,0.339279800234841
1.400246443,0.7052556417785381
2.146199081,0.21779758402208985
1.279275733,0.33379888120948853
1.365833158,0.9988497850030339
1.258125393,0.3215782017935066
1.393404552,0.49678902763419336
2.570900619,0.24072072126726693
0.785545954,1.0
1.980732871,0.534764383371631
5.453412278,0.04296271947756565
0.789326272,0.6173299194694916
1.537515375,0.5165129029543211
2.551764363,0.312326787506087
2.150809717,0.19522746380995054
1.300540447,0.30737579876133947
1.443671049,0.5173040195124363
7.296849088,0.007692993018550062
3.955885879,0.08436855989978324
1.338036735,1.0
1.84144214,0.831433540638958
0.806849254,0.7431570734272102
2.661826981,0.16144027020122367
3.101884992,0.19616660408016737
1.013736124,0.7409100915283061
0.850420486,0.6701999828572401
2.93255132,0.4597101441647874
1.373118564,0.6415493534874938
1.613635218,0.49671516900029705
2.006497229,0.617768027286255
0.809576129,1.0
2.673184144,0.24608726986523033
1.391493738,0.6349821521888129
1.071569567,0.792439348708742
1.634826475,0.3866917942059536
1.529421235,0.8429358001714389
2.425518283,0.19518564576938824
1.424062813,0.4150967651231454
2.470799641,0.30133514898140484
1.864677677,0.6435527809313488
3.021148036,0.1817279182869943
1.550902847,0.6261921182945372
2.486495756,0.3945588999172669
3.50401266,0.2149331146991115
1.992399365,0.25224081775282153
2.318129133,0.32309285437132296
1.277139208,0.4698312662656827
1.947565543,0.5708919125727854
1.605243796,0.6054386511847015
3.205459622,0.21874282396393221
1.641688291,0.4038418766284526
0.984451458,0.41016479706362635
2.056311294,0.5027475852810601
2.872462658,0.255221721135555
2.593827749,0.2546240692518258
1.122684463,0.8038154698250565
1.144716231,0.910737322140104
1.477151298,0.3567605363909572
2.165087957,0.4753929716607355
2.87997696,0.16599930622453302
2.529786192,0.348606487322807
2.014436797,0.4642072456583779
2.423551215,0.2902837944111064
1.762502754,0.3628020569133961
1.050596739,0.670213437326875
2.623390885,0.22734336025052543
2.476123099,0.5738401036763777
4.430044962,0.059814033997111875
1.641631782,0.6916194607023262
2.469666058,0.47730614963362356
1.650084931,0.5669450188433067
2.353556485,0.45449982605006256
1.543965355,0.34576902276031474
1.482479784,0.6640621424336601
1.898002971,0.7556001972895938
2.311643836,0.5503070641943936
1.972386588,0.4152336811914901
2.302252919,0.44311332646675766
2.751536274,0.2821408097686954
1.225578545,0.5701384941468255
1.437024514,0.9484945005271107
3.102699348,0.2915978963970858
1.99963643,0.5318251327931246
2.348690154,0.5021406807635085
1.987676406,0.4076258430760527
1.924357931,0.5048131792467383
1.940298507,0.5594256029226022
3.767403767,0.09305552724571563
0.57530779,0.8125656665623485
2.026176004,0.36265500284808605
1.832264512,0.6065478575148022
1.428393988,0.6647903554461009
2.943143813,0.48579025240754603
2.186711522,0.5462323756542545
2.154458071,0.50556363891135
1.924557352,0.6601510240788789
1.928640309,0.5055639849130413
3.020733214,0.33146253502202533
1.428571429,0.6044862001942964
2.520214218,0.4323023699735816
0.695205754,0.2757999505356671
2.517306482,0.31775108978558136
6.534852547,0.01613209743562379
1.889901144,0.31329584218668444
1.126024682,0.8655597431275214
2.666940199,0.41118989386429083
1.335637964,1.0
1.506875118,0.6587611067339187
1.268278126,0.8316237685455591
1.301417616,0.6710801240652055
3.72639424,0.0875957658893404
3.271299796,0.18090118820359713
5.546751189,0.03819555172336366
1.318739285,0.37353215368733567
6.838632274,0.011416504583458446
1.362535325,0.6171955710427683
2.411493073,0.17937588034676244
2.48015873,0.5027678975169538
1.381646388,0.5046510848542053
1.830345872,0.43877850039877864
0.812483571,0.4419993657285443
2.018163471,0.3401049140165018
1.393544499,0.445344295238737
3.449465333,0.19729509653123065
3.009027081,0.36684750231078067
1.067203317,0.4536570722937616
2.46263587,0.43034190157867547
1.694159608,0.39373460127309157
1.882293889,0.850700163267009
1.754539872,0.8415527484376009
1.365259399,0.838865309841385
2.166113856,0.5087163467069934
0.288570545,0.6600952152060691
1.274792846,0.4652576812327627
0.835276511,0.572256401010722
2.638156068,0.6153195923013137
2.038521018,0.49575183175890863
1.962519721,0.2966299097631523
1.429975869,0.4968100035073214
1.698810832,1.0
1.762632197,0.5117704639178462
11.1824887,0.001
2.153687112,0.5453659109457563
4.765266502,0.03777940630313671
0.766648709,0.3903728809529595
2.735229759,0.6448915509028361
1.46422629,0.32225109481657255
7.248839053,0.006599096766120458
2.511989039,0.15783963665512585
0.955022966,0.7303929116156227
0.517483551,1.0
2.454451053,0.41174409969034
1.398957141,0.7488392989615269
4.869411244,0.06899744718032623
1.248940631,0.5774974048815567
1.0304619,0.27002829372288395
1.334604385,0.6819353949079073
2.210188971,0.7068327577055175
2.175489485,0.244508540330965
1.399884148,0.738314641032646
2.978976934,0.23610468832234405
1.757600688,0.32522479265867454
1.104819776,0.8764509155279079
1.924557352,1.0
0.975609756,1.0
1.067369875,0.9053919998582459
1.80878553,0.42271652855111436
2.13597291,0.34274312606541485
2.197457228,0.4118520428126154
1.546428828,0.3894231615564309
1.147070873,1.0
1.566170713,0.6332183253529193
1.066780457,0.6062858551283399
1.485332343,0.39363502151835766
2.358490566,0.4972057103130023
0.900842932,0.474206289191915
1.710515598,0.610132918113795
1.615085774,0.4066334230577876
2.514210756,0.21580718616608952
2.818344863,0.23659902179995213
1.722817764,0.524187555117931
1.809459687,0.2890309611428373
0.081349314,0.955556394942265
2.118116123,0.6878914124939208
3.081980686,0.3760783846585957
1.487094147,0.3607520687332369
1.542989399,0.2836949474801061
6.718172657,0.010776549699225634
2.775963423,0.14579725088968654
3.231573157,0.16689230622795748
1.720107617,0.2963046248080715
2.133976619,0.6403532507512716
2.912540568,0.22900415473119448
1.743510267,0.9195039676685279
1.33201776,0.6023813753897715
2.022449186,0.3178408638307187
0.62136774,0.8242721413369459
1.528332941,0.4108250022784256
1.842214342,0.39327921276323685
2.000129041,0.5300254097767477
1.702077709,0.47910564113995857
1.707897733,0.5138432401159048
1.880709296,0.39590240444676117
1.92551026,0.3494492619418215
1.793969503,0.576377439834824
4.325259516,0.08892741889086582
0.988235294,0.407815794018107
0.981616991,1.0
2.41000923,0.278652308839149
2.243829469,0.35992651630533606
1.150035386,0.44242542833791315
1.649231929,0.40330921743994086
1.412546739,0.4964497189942204
1.057211402,0.7620622896923459
1.647845684,0.394933866148074
3.478791578,0.11749824167141189
6.872349759,0.011165079773627615
3.57568534,0.16702718204773798
1.46460537,0.5753809764506566
1.099035291,1.0
2.290006412,0.45522075923816097
4.747774481,0.05719223049373839
1.972242513,0.5586887017873641
1.9592851,0.34644786303598635
4.382813623,0.04766637832753309
4.796397807,0.04211063719279848
2.881034362,0.201981767619994
2.593553168,0.45309915696509645
2.389946804,0.3889245433306099
1.638001638,0.7540739189381536
2.762583568,0.2167722486482779
1.04610057,0.5519837130551777
1.332095426,0.48658315965254206
3.25203252,0.37978095807454043
1.689940407,0.40599705573424827
1.641636773,0.4810697209594157
1.009081736,0.941067116801269
0.740829251,0.5616183191094061
1.710941018,0.6726414181401533
1.169237732,0.5012924542965604
1.508102038,0.30369489817913536
15.76327434,0.001
1.7809439,0.4227318920289248
2.668523031,0.5267976034696086
2.504399621,0.26508226080280334
3.710144928,0.169040731272145
1.229567482,0.7917517318587842
1.328535843,0.5590335829733788
2.22160511,0.43515175176101767
2.045919527,0.3610402893463506
0.92988115,0.4474118617290411
3.444496634,0.18797988382973949
1.09055355,0.5671261993879806
9.044747699,0.0019447922177791494
3.65497076,0.0912258914746802
2.743333699,0.5467505784450246
1.657824934,0.6554186725550992
0.941324129,1.0
0.951632256,0.7103827270093261
0.85223814,0.6213006971033034
0.996181305,0.445792259657882
2.378913312,0.472652953941136
1.4937176,0.9422198452101493
1.928293624,0.21094033287157724
1.571983756,0.39066230915213823
1.110758489,0.6229851618801083
2.038234467,0.43747908319175094
2.829231837,0.17059736646341422
7.322788518,0.01624128522237491
1.218255084,0.6344750786162676
2.12360867,0.47660911259552036
1.53715679,0.22522974189688344
4.038893044,0.24727675742389876
2.003191525,0.2542154687896897
1.988565747,0.7998547754119996
1.408326732,0.9960320084439287
1.388503194,0.7070219241247967
2.365863963,0.4091632543884335
2.381859756,0.471579849595289
1.18995152,0.5974403010484383
1.778568253,0.5930817552204074
2.06948451,0.4763455792745766
1.144751905,0.5690838737072146
2.10322874,0.33679889136563
1.838235294,0.69542960022229
2.928005512,0.48714972384785005
0.90095163,1.0
1.536491677,0.9663823386893382
2.106286455,0.38832326649817345
7.339449541,0.006877755547023988
0.990525409,0.5141789826012754
2.449229513,0.38893044117874265
3.610875106,0.3572865338182628
1.630561379,0.6699052782571894
0.580677941,1.0
0.59974165,0.46465746575738653
4.229741763,0.08316749355272302
1.611226611,0.381500453966663
2.146306564,0.47760965096676344
2.309592867,0.3000128514928708
1.76366843,0.8431561370624631
3.525027697,0.17928087246400753
8.393039918,0.004536744730170969
9.416877943,0.001441888384295705
1.379817864,1.0
1.116005874,0.9960457826548126
1.571745562,0.7743401655821088
1.296082949,0.6619460945490506
1.195349006,0.5264966744453435
2.512766475,0.3634678735310703
1.194029851,0.6739227582347049
1.756684333,0.2715778701249941
2.7257729,0.24476743773994705
0.548405148,0.25675372176174477
7.511737089,0.007188813139678646
0.967305088,0.4431224650797276
1.560366686,0.752584637970697
2.453653217,0.4646063142413
2.064871376,0.5304267542331065
2.415458937,0.45380529353849514
2.263768003,0.18395463847504662
1.418272072,1.0
1.479481922,0.2830734009082198
2.07208681,0.37906096000565204
0.928988146,0.48195511536008667
0.834898769,0.2862063582700445
2.464178151,0.37399921153778254
0.714408184,0.6471469295982377
2.182163188,0.205267897390174
1.966998142,0.32330818102337017
1.158748552,0.6435571560067014
2.15323883,0.19925744874275178
0.703322163,0.7750581097586914
3.240781291,0.2153182946734954
2.53574083,0.186137278092447
1.417484673,0.37612997365624046
1.180776951,0.8676540289644292
2.075185569,0.2722279330861231
2.520302436,0.560215367069169
1.589343828,0.6922225179565215
1.382913337,0.809108494500248
1.407303163,0.7788716392869868
3.454231434,0.2623630921031013
2.266980556,0.4586832872737089
1.656279827,0.2818466572961891
1.202435902,0.46009397019108283
3.492957746,0.22252995881988152
1.085845682,1.0
10.13000169,0.001
1.328882118,0.44775309738126434
0.866691945,1.0
5.948553055,0.026037013334716648
1.862312993,0.39042087949242893
2.576090068,0.43383123533971163
0.419655882,0.43681876203503717
2.309765174,0.22488906200453895
0.682337689,0.32195684895305854
2.013025459,0.43267726025324554
0.3125,1.0
1.872799461,0.6565179656538168
1.483148366,0.6218828728669835
1.271096674,0.9786297092724111
1.182760089,0.6660809098827019
2.103398649,0.6187871437640992
2.591568763,0.21608957988679406
1.647765823,0.9497996372276608
0.93826634,0.4677673666309654
2.830329212,0.2130116459505049
2.927571872,0.16522542398626686
3.006253006,0.29371498313628563
0.865339812,1.0
0.809498111,1.0
1.596292482,0.3782753058675165
1.759259259,0.6454403782635182
0.930498891,1.0
1.85304544,0.6782451194399944
1.19047619,0.6767408097664471
1.40704696,0.5887498785765342
2.322601313,0.40000798892606515
4.08542247,0.10037606988880687
2.914557447,0.44936639049935
0.68762893,0.5365925679399337
1.012145749,0.8911735068972066
1.152073733,0.9440852980170839
2.606232295,0.4030712681706911
1.357992757,0.7528745740880352
1.55250804,0.3344857435767419
1.704326791,0.5266747111915345
5.47080484,0.030246366786671385
0.857816856,0.5944775256510382
1.444669171,0.5802695322651515
4.082914573,0.07802479270092316
2.690238278,0.3491917740988081
1.233697568,0.7203066104074763
2.109280836,0.6548309562724093
3.183265121,0.2742091885703838
2.165141226,0.5989707895790061
2.72851296,0.2993327076626562
2.416159273,0.21967286325823918
2.232940336,0.3432672686974005
1.428182807,0.7916159574535229
2.018163471,0.5969057500889432
0.797244722,0.768109217039856
2.450122506,0.28911173898105663
2.275229358,0.5145458169877739
1.663720495,0.7037565855539243
0.410312521,0.37594678464163905
2.112304172,1.0
1.701613789,0.5561987656631037
1.113447977,0.5236498441019075
1.426325901,0.3088334050579309
0.906618314,0.5409194023195968
0.74851736,0.3643314898756609
3.863891312,0.1564974243450198
1.474026634,0.5468487314436865
4.610462928,0.052560040655800506
2.219711034,0.23855993405421175
0.786212969,0.30870763978000565
2.383848212,0.27001256953168923
1.883353584,0.43616210224123364
2.503344987,0.1998214628974516
3.36469562,0.14484455122022669
1.597519147,0.41155221377990026
1.664179961,0.5512766500930266
3.50290582,0.10608324345610146
2.140818268,0.7038905262312356
2.666940199,0.41099266545980934
2.666940199,0.41099266545980934
1.978944035,0.6411145798494824
1.978944035,0.6411145798494824
2.10322874,0.3366493359917846
1.398957141,0.7491593384383783
1.398957141,0.7491593384383783
4.229741763,0.08315260782739808
4.229741763,0.08315260782739808
1.715055739,0.5511876871545858
1.256702413,1.0
1.256702413,1.0
3.312070658,0.22359242058123244
3.312070658,0.22340938227998136
1.145475372,1.0
1.08656284,0.9589589137402931
1.734684561,0.7255339868754667
1.728034029,0.48017928280084204
3.009027081,0.36687529226399285
1.124227094,0.6460732587873892
2.143205066,0.4971259514163982
2.143205066,0.49692497434482186
2.882033143,0.18524955167126742
0.602508627,0.2714854340728717
1.408609421,0.7287635859333071
2.203665043,0.2990085405998564
0.676513699,0.39996289824601206
1.650346573,1.0
0.896799117,1.0
2.821792924,0.20468083538752294
6.071428571,0.028984339866114
1.559882142,0.5386964900481127
2.584605444,0.35350541457345674
2.498172069,0.25394524693850545
4.247366633,0.07442911836146807
1.735608909,0.4320047767307853
1.643809882,0.4083682719110449
0.980191954,0.8511943245591177
0.9415132,0.6885638695642977
4.033509153,0.0742389727300492
3.43242415,0.14573542079168433
1.159017153,0.6212351005488823
3.534529636,0.20491652275719185
1.134730312,1.0
1.818710898,0.44285544366628365
4.568817818,0.13068890158187157
1.761569225,0.3987983562730831
0.924186865,0.46884223159222504
2.347841792,0.5172794905379609
1.683147486,0.4194415901912361
4.735716468,0.08443131056578079
2.401681177,0.3721275624253893
1.520204002,0.5922009565361234
0.988560938,0.5881322848329447
2.098974732,0.5280585676672123
1.637006918,0.48570901907291597
1.019783806,0.7267133151688511
0.792267469,0.6747451076639197
1.321813141,0.3816698738860497
5.313496281,0.03985871690839572
5.016722408,0.05307375286211693
1.791344225,0.45861033724736855
0.980207352,0.587802111105628
2.418113871,0.45026744821796233
2.51572327,0.6382248887343023
3.714565005,0.1366693653140291
1.57536335,0.4031037486745194
1.889582649,0.49624419482563104
6.849315068,0.012951535090919194
3.804692454,0.11142225406628
1.884164823,0.659751441456688
2.395813631,0.32792835377879753
2.106556658,0.5024042998609025
3.618272275,0.1296003977563029
1.468555632,0.8295609007647123
6.316264381,0.013767162155213286
1.628148885,0.5059941363026175
1.277881041,0.8715571847386293
2.455130376,0.13800093654867998
1.813236627,0.459177601230823
0.821467689,0.6180393463328414
1.590271282,0.9409755138999659
0.966432575,0.4614045230668517
1.035083896,0.7409629559361123
0.853147372,0.7491015080618738
2.451799844,0.472057332437137
1.533250134,0.38009574746184066
2.416806098,0.4306156942144048
2.543810062,0.3507891075156934
4.998780785,0.07086464772310454
2.000279109,0.27720101439091627
1.293820467,0.7477135535363528
0.974298673,0.5127756955787269
3.177629488,0.2134772156037414
1.669786976,0.4105355940413381
1.348146299,0.3235394169321233
1.656028981,0.37304456248481555
1.356238698,0.3844696985112282
3.715244487,0.1794095810555083
1.06094542,0.798613993842597
2.460380635,0.31876303883132906
2.164209387,0.37679020034091437
3.410147773,0.22801433378955263
2.943485086,0.5217323486250404
1.299907149,0.7641614819913182
0.701016474,0.5187769993954561
2.334384858,0.3921882976255144
2.509844649,0.23340726103220455
1.509493922,0.7834280346244681
0.663361497,0.7289324240936264
0.800174584,0.6434394099789286
1.216426625,0.6813357573255543
1.266798854,0.6423705876799143
1.03820598,1.0
1.840942563,0.49692060585854897
1.798390913,0.731206999283819
4.518315314,0.10204903287950638
1.565141176,0.6723361962138293
1.918228653,0.5066220786305919
1.626986279,0.543115936464299
2.940095553,0.2661830427281336
3.548702888,0.20402422557301825
2.354048964,0.2121271887393871
2.047845108,0.6122700313702252
0.752619695,1.0
2.889161268,0.2665900253997634
8.971483499,0.002118633323818407
4.339118825,0.08666739772309405
3.017991875,0.2530969263640817
2.488888889,0.43803181058602236
1.533985718,0.5254065074782036
1.218422549,0.6369431487327101
2.897462038,0.16731345217824484
3.268369447,0.2560937270774145
1.683147486,0.41949607868546357
1.683147486,0.41949607868546357
1.216426625,0.6815091963656323
3.177629488,0.21344609350889818
1.293820467,0.7476685660535719
1.293820467,0.7476685660535719
1.293820467,0.7476685660535719
1.293820467,0.7476685660535719
1.293820467,0.7474310965676425
1.293820467,0.7474310965676425
1.509493922,0.7835943536572294
1.915020946,0.8164152525398634
1.915020946,0.8162797120216244
1.798390913,0.7312705475532116
1.071667783,0.29064901667661425
0.92632179,1.0
0.776397516,1.0
3.525123977,0.11643483005699502
1.231021748,0.48362744963591653
2.630695175,0.23752603645055737
1.4101232,1.0
2.21305102,0.42364632583000617
0.921844842,0.43930030563055417
2.444390125,0.3174562842799421
1.730375964,0.3320787807099615
1.467020256,0.6262163032828068
5.95841785,0.018864622014330975
1.880781484,0.2895169689179264
2.221563981,0.40795312539996226
2.871009638,0.21902815912145276
1.835086861,0.7567326765303953
2.172370988,0.24811922290192423
2.489497433,0.35314059475584614
0.630103179,0.5435691825421634
1.275645796,0.40328740132385327
2.935229274,0.19798615877647818
2.383925531,0.6268512960141114
5.005118872,0.04803578287678336
3.837953092,0.13120974552668327
0.822388312,0.4185190176891448
16.64355062,0.001
4.72972973,0.0814665181269675
1.123075907,0.6117566764972892
3.490401396,0.14973060112911013
4.924193339,0.0593586042134701
1.131573736,0.34007146101291724
1.565785353,0.3725875898834759
1.110267048,0.5135773192748467
3.185781355,0.2480405404164591
2.053021512,0.50614889313169
0.864945014,1.0
0.638192261,0.47023920677806935
1.110288675,0.8421100823324957
3.501304408,0.11772848499264656
4.039115646,0.120721093600588
2.003190266,0.29302448350793464
3.253884324,0.15954355439142032
1.706916171,0.6684914326544934
1.217100259,0.5596138818481454
0.773528148,0.8144582247873302
1.757126123,0.3273634496908194
3.925024031,0.10731189048367472
4.32211101,0.09107641555756116
1.487741014,0.27124717040413504
1.54507591,0.41065234646723675
1.720306788,0.533642130773578
1.251042535,0.5432461254053772
1.318807339,0.5700580375091807
1.111350111,0.5153240284118427
1.901798064,0.624467660574163
0.73042208,0.4848261822713677
3.379193821,0.43949782439619967
3.323888405,0.12059978823292938
4.288037853,0.09446396115387942
0.919442676,0.7832713729543301
1.2292563,0.685542084524185
1.286888362,0.2818484172944233
1.15532141,0.707718127525695
0.702718242,0.6849346868034564
3.759861933,0.08974799031019796
0.716229767,0.6833214431740342
2.694420964,0.23623970523845367
2.042304887,0.4990126652890952
0.767254895,0.6277149342725633
0.575585946,0.6114083766113139
4.783212467,0.09335961721877038
3.321218198,0.14813639441002863
5.252686033,0.027277025310893443
3.628691983,0.12596600786929543
1.984202694,0.2156933653997963
2.393822394,0.3289042543810124
1.731887345,0.2987788531356355
1.631791131,0.4367720516238008
4.310670801,0.06766827833167463
1.71677414,0.4021202115252407
2.017032721,0.3053765476196384
0.823536094,0.46822464114091794
2.627855266,0.3777421693725176
2.14451659,0.4439602562873204
1.776506781,0.5430598769228362
1.460320358,0.41421096860959605
2.639788817,0.26948147028434405
1.270980524,0.4878061132105081
5.181918412,0.0366461689171052
2.037368316,0.2799258772551898
2.507624534,0.3252432111074995
1.254785882,0.39977286462700157
3.167898627,0.14424501120308866
1.415736455,0.5617407237336642
1.253481894,0.39928049524764403
1.749972657,0.3198129247956207
1.308012789,0.5735963143361216
0.516492546,0.4847693278075121
1.357397818,0.6206851128656851
1.558566119,0.4980571452198236
1.465953236,0.8021483435770977
2.533725947,0.2611974729875644
2.14348758,0.24752651081100602
2.304906157,0.2813328083130012
1.820830299,0.7301308393995799
1.68324407,0.3428898224624751
1.376146789,0.6719008598847861
1.469175566,0.5603176449944047
0.677471468,1.0
2.254002798,0.41343609699303835
1.655903295,0.6369089606575749
2.56271918,0.5355407893406828
1.43535387,0.5349436310528075
2.060085837,0.8195845276741848
7.039337474,0.009669569775392035
1.745505324,0.4386222891491538
1.026205792,0.44846897104760675
1.209137626,0.449217095994732
1.431327401,0.6455705889202565
0.982230556,0.7261707041089719
1.220070154,0.984247160255138
1.854078974,0.4261424936841729
1.268456035,0.3836956911563547
1.661795886,0.5172056512189908
3.439380911,0.20078365744909804
0.945722295,0.7373768875956004
1.916962783,0.2940815167809176
5.773394275,0.023566541992643616
1.93498452,0.7713516227131075
0.544484373,1.0
1.048046376,0.4077768500272152
2.184698011,0.1941797413544103
0.378100423,1.0
3.286205579,0.1412729665287892
2.532671462,0.37086667532650364
1.77089098,0.6857987542693809
2.992925812,0.260000554477294
1.948400967,0.41960736765681556
2.213760737,0.4875943794016162
5.368703616,0.029587457532563595
1.323768042,0.4651159721114658
5.448997384,0.049499290352753855
4.887259802,0.04180959644097689
0.495763476,0.9608912537234342
1.105364968,0.5615671251261533
0.819909328,1.0
2.287631539,0.38803668887862613
2.521686504,0.3929652249623545
0.334704026,0.6272389800250054
2.622451569,0.35184274765910667
1.669613043,0.46398401438977
3.401056117,0.16033478257516745
2.078693393,0.3209969573223534
1.666987241,0.6347520625114705
4.942339374,0.08409343138961023
1.035962705,0.48366223726866653
2.677100494,0.3346010086098431
1.508022681,0.6197025680954485
2.270004414,0.2705770791587967
1.37442512,0.5268006219356138
1.35286434,0.5247024747174336
0.826260047,0.4450769865674088
1.161825726,0.7665344931327456
4.852071006,0.06041025147671885
0.970010508,1.0
2.8363047,0.3477653956625791
2.322471673,0.29256225366065286
1.76487891,0.8301116735194317
2.707136998,0.27903146820245645
2.062422659,0.483978554995515
2.009421221,0.22986521158334994
5.15865291,0.041848910925533084
1.121210908,0.5526842653397283
1.189484953,0.5217791570604539
1.046733576,0.9548173383394706
1.648998822,0.3756301781376026
2.11738799,0.2475136157927366
1.447649379,0.3812038711071524
1.133658315,0.8788105781075083
1.078574125,1.0
1.004298397,0.7849915923746273
1.089769786,0.5719928515849728
2.416260009,0.1896314256700365
1.666666667,0.5729490419574024
1.450517571,0.7361611271076566
0.765394302,0.5278035512728857
1.673017938,0.8774876272502553
1.756206594,0.8208535010788973
1.61832756,0.1512263464226263
1.112998653,0.8871763785549487
0.610564878,0.3968013907746341
2.336838591,0.46739587278869615
3.077576143,0.3085880909872021
1.708615364,0.5830247438168731
2.376133063,0.4660496595555242
1.175339246,0.7282858303364482
2.248325227,0.19796814521005396
1.541284404,0.8324811875692848
1.836749688,0.29712958632278463
4.935330157,0.02917165527397296
1.480494485,0.7629155409418931
0.779575132,0.9054572246089386
3.240867893,0.12188133362499752
0.804027127,0.5811586612526158
1.596310748,0.3365078428747484
1.082863682,0.34199891077808847
2.022058824,0.6201524675964795
1.777602212,0.4603717356903458
3.664323902,0.08488974320931761
5.33086105,0.033144507597493815
3.256200637,0.14624821683287897
1.246458924,0.7995121029868835
1.979485334,0.6193330071072409
1.493512555,1.0
4.930394432,0.08457089588272408
0.75862941,0.7497423641587191
2.372356885,0.5412138006752091
0.909316359,1.0
2.41285161,0.3702526392342922
3.629450398,0.2458255763798356
1.783856102,0.5867203968802359
1.702803951,1.0
2.003171689,0.5916071167320492
2.359242492,0.2742559454046811
1.52829595,0.5688787611023901
2.189186437,0.2699837113395432
0.776160776,0.6193531527124271
0.774480856,0.9792166369371372
1.100231049,1.0
1.964019169,0.589761375616952
2.027728002,0.29731303906970896
2.106164995,0.27588221800585966
0.635895527,0.44109783367079486
1.269089217,0.5179252912824301
1.218917601,0.6260359833544326
1.359084406,1.0
1.79018976,0.4508227401819825
0.953821866,0.511673854932308
2.026404667,0.44457783523718364
3.490301539,0.1086977665793786
1.526187999,0.7168928314800918
1.611204065,0.593346477270397
3.040729775,0.2671424184638646
2.034628581,0.2697999985272214
2.43559719,0.5083660306744111
3.308861545,0.23034005482280442
1.941404871,0.2531219536346287
3.374578178,0.10540909127065566
4.588528678,0.06923872731350598
2.987818892,0.21794642195726766
1.119552179,0.4386323180476432
1.198322349,0.8646144606994769
2.183670994,0.6351370001391303
0.747803328,0.7554634119609638
2.039855641,0.5259673874890389
2.068153616,0.22364664045920038
3.740389278,0.09344343577610935
0.985912407,0.40821078275032474
2.108751318,0.7407578150451666
0.687617786,0.5337684929896188
0.630318311,0.797953335660903
1.110684788,0.3126389711683691
2.602214087,0.20261118819887167
6.014215418,0.016222031123983738
3.516840254,0.2448927271417709
0.595424632,0.6533029574385222
2.054392487,0.5797002227278278
0.948646598,1.0
1.370392494,0.3990607919165371
2.347073493,0.7889347308107525
2.330785008,0.4532680299684067
0.768270431,1.0
2.380952381,0.2601126437127418
2.291775799,0.2805237192364101
4.127716402,0.11426713123087769
1.902678019,0.41835159135130456
1.589343828,0.8099203173402911
8.283877349,0.002537151184179281
8.283877349,0.002537151184179281
0.864945014,1.0
1.249479384,0.9943806482683701
1.249479384,0.9943806482683701
2.347073493,0.7886015274589417
1.493512555,1.0
1.359084406,1.0
1.93498452,0.771719959873407
2.458613342,0.7089621453071
3.401056117,0.16047734337171
3.401056117,0.1603815334356613
1.661795886,0.517188713339917
2.155404677,0.5639213251709826
3.264094955,0.2209976186603013
1.964019169,0.5899123760505091
1.76487891,0.8298701736712297
1.76487891,0.8298701736712297
1.175339246,0.7286280426946271
1.175339246,0.7284067597647019
1.175339246,0.7279664609273268
1.175339246,0.7279664609273268
1.223037581,0.472777673906251
4.942339374,0.08405141116921756
4.942339374,0.08405141116921756
2.948569219,0.12104976643048626
1.826175178,0.49032536771475393
1.105364968,0.5617387140281359
1.565710931,0.9283039955984942
0.595424632,0.6530321580156954
